[{"pk": 1, "model": "contenttypes.contenttype", "fields": {"model": "permission", "name": "permission", "app_label": "auth"}}, {"pk": 2, "model": "contenttypes.contenttype", "fields": {"model": "group", "name": "group", "app_label": "auth"}}, {"pk": 3, "model": "contenttypes.contenttype", "fields": {"model": "contenttype", "name": "content type", "app_label": "contenttypes"}}, {"pk": 4, "model": "contenttypes.contenttype", "fields": {"model": "session", "name": "session", "app_label": "sessions"}}, {"pk": 5, "model": "contenttypes.contenttype", "fields": {"model": "site", "name": "site", "app_label": "sites"}}, {"pk": 6, "model": "contenttypes.contenttype", "fields": {"model": "logentry", "name": "log entry", "app_label": "admin"}}, {"pk": 7, "model": "contenttypes.contenttype", "fields": {"model": "schuleuser", "name": "user", "app_label": "accounts"}}, {"pk": 11, "model": "contenttypes.contenttype", "fields": {"model": "courseforum", "name": "course forum", "app_label": "forums"}}, {"pk": 13, "model": "contenttypes.contenttype", "fields": {"model": "course", "name": "course", "app_label": "courses"}}, {"pk": 14, "model": "contenttypes.contenttype", "fields": {"model": "coursemembership", "name": "course membership", "app_label": "courses"}}, {"pk": 15, "model": "contenttypes.contenttype", "fields": {"model": "courseresource", "name": "course resource", "app_label": "courses"}}, {"pk": 16, "model": "contenttypes.contenttype", "fields": {"model": "assignment", "name": "assignment", "app_label": "courses"}}, {"pk": 17, "model": "contenttypes.contenttype", "fields": {"model": "assignmentresources", "name": "assignment resources", "app_label": "courses"}}, {"pk": 21, "model": "contenttypes.contenttype", "fields": {"model": "coursepoll", "name": "course poll", "app_label": "polls"}}, {"pk": 22, "model": "contenttypes.contenttype", "fields": {"model": "coursepolloption", "name": "course poll option", "app_label": "polls"}}, {"pk": 24, "model": "contenttypes.contenttype", "fields": {"model": "courseforumcomment", "name": "course forum comment", "app_label": "forums"}}, {"pk": 25, "model": "contenttypes.contenttype", "fields": {"model": "group", "name": "group", "app_label": "groups"}}, {"pk": 26, "model": "contenttypes.contenttype", "fields": {"model": "groupmembership", "name": "group membership", "app_label": "groups"}}, {"pk": 27, "model": "contenttypes.contenttype", "fields": {"model": "groupresource", "name": "group resource", "app_label": "groups"}}, {"pk": 28, "model": "contenttypes.contenttype", "fields": {"model": "event", "name": "event", "app_label": "events"}}, {"pk": 29, "model": "contenttypes.contenttype", "fields": {"model": "update", "name": "update", "app_label": "events"}}, {"pk": 30, "model": "contenttypes.contenttype", "fields": {"model": "follow", "name": "follow", "app_label": "events"}}, {"pk": 31, "model": "contenttypes.contenttype", "fields": {"model": "grouppoll", "name": "group poll", "app_label": "polls"}}, {"pk": 32, "model": "contenttypes.contenttype", "fields": {"model": "grouppolloption", "name": "group poll option", "app_label": "polls"}}, {"pk": 33, "model": "contenttypes.contenttype", "fields": {"model": "groupforum", "name": "group forum", "app_label": "forums"}}, {"pk": 34, "model": "contenttypes.contenttype", "fields": {"model": "groupforumcomment", "name": "group forum comment", "app_label": "forums"}}, {"pk": "03vlyd9zeh7jlo4422p6flsw8l2hc20t", "model": "sessions.session", "fields": {"expire_date": "2013-11-25T08:55:25.086Z", "session_data": "OGJjNzZkZmUwYmQ4NmYwMDM1YjgwMDk5YzE5NGI1NzA4Njc0ZmQxMDqAAn1xAShVEl9hdXRoX3VzZXJfYmFja2VuZHECVSlkamFuZ28uY29udHJpYi5hdXRoLmJhY2tlbmRzLk1vZGVsQmFja2VuZHEDVQ1fYXV0aF91c2VyX2lkcQRLAXUu"}}, {"pk": "18gyapr9afz9o2eqk0yyq42oz5tg1qm3", "model": "sessions.session", "fields": {"expire_date": "2014-01-10T23:19:46.664Z", "session_data": "YWM3ZGZkMTc1MjZmOGU1MWY3ODFjOWJkMWY4YjAyZTBiNDU3MzQ0ODqAAn1xAShVEl9hdXRoX3VzZXJfYmFja2VuZHECVSlkamFuZ28uY29udHJpYi5hdXRoLmJhY2tlbmRzLk1vZGVsQmFja2VuZHEDVQ1fYXV0aF91c2VyX2lkcQRLCHUu"}}, {"pk": "395bwlnir19wjlvqo2rk7xxl2pnfhk3u", "model": "sessions.session", "fields": {"expire_date": "2013-12-29T18:50:20.693Z", "session_data": "YWM3ZGZkMTc1MjZmOGU1MWY3ODFjOWJkMWY4YjAyZTBiNDU3MzQ0ODqAAn1xAShVEl9hdXRoX3VzZXJfYmFja2VuZHECVSlkamFuZ28uY29udHJpYi5hdXRoLmJhY2tlbmRzLk1vZGVsQmFja2VuZHEDVQ1fYXV0aF91c2VyX2lkcQRLCHUu"}}, {"pk": "3g31vzzapea3yg49vq1h8kt4pwdev3qb", "model": "sessions.session", "fields": {"expire_date": "2013-09-17T20:54:51.705Z", "session_data": "MmJhOWEwZjVlZmI2MmNhZmFjOGExZDk3ZjUxYWVlMmJhMTRmYmM2ZTqAAn1xAShVEl9hdXRoX3VzZXJfYmFja2VuZHECVSlkamFuZ28uY29udHJpYi5hdXRoLmJhY2tlbmRzLk1vZGVsQmFja2VuZHEDVQ1fYXV0aF91c2VyX2lkcQRLBnUu"}}, {"pk": "4720545typdk4qeq4qtrkcrnkg62t49z", "model": "sessions.session", "fields": {"expire_date": "2013-12-29T18:35:31.105Z", "session_data": "N2U1YjYzOTcwN2NjMWI3ZWQyNTllNGNjNzc2Yzk5ZjdlMzUyNGQzZDqAAn1xAVgKAAAAdGVzdGNvb2tpZXECWAYAAAB3b3JrZWRxA3Mu"}}, {"pk": "5kb3chpqikz4bx69mburiaccufsdlrg5", "model": "sessions.session", "fields": {"expire_date": "2013-11-24T20:31:23.836Z", "session_data": "OGJjNzZkZmUwYmQ4NmYwMDM1YjgwMDk5YzE5NGI1NzA4Njc0ZmQxMDqAAn1xAShVEl9hdXRoX3VzZXJfYmFja2VuZHECVSlkamFuZ28uY29udHJpYi5hdXRoLmJhY2tlbmRzLk1vZGVsQmFja2VuZHEDVQ1fYXV0aF91c2VyX2lkcQRLAXUu"}}, {"pk": "5xs88w6sxbb5d2st9yum66stvcakerjp", "model": "sessions.session", "fields": {"expire_date": "2013-12-01T11:40:40.005Z", "session_data": "MTE1YTNjZjNmZDA0YTZiOGQ1NjEyNzJlOWE5YmI0NzUwMmE5ZjRiMzqAAn1xAShVEl9hdXRoX3VzZXJfYmFja2VuZHECVSlkamFuZ28uY29udHJpYi5hdXRoLmJhY2tlbmRzLk1vZGVsQmFja2VuZHEDVQ1fYXV0aF91c2VyX2lkcQRLCXUu"}}, {"pk": "7s9n6wrdxjbu01oibpulbnh46upc574h", "model": "sessions.session", "fields": {"expire_date": "2013-12-29T17:46:13.478Z", "session_data": "N2U1YjYzOTcwN2NjMWI3ZWQyNTllNGNjNzc2Yzk5ZjdlMzUyNGQzZDqAAn1xAVgKAAAAdGVzdGNvb2tpZXECWAYAAAB3b3JrZWRxA3Mu"}}, {"pk": "8lav7vgkcv5cvnn0x7lsbpq40cc38f4k", "model": "sessions.session", "fields": {"expire_date": "2013-12-09T17:03:35.684Z", "session_data": "YWM3ZGZkMTc1MjZmOGU1MWY3ODFjOWJkMWY4YjAyZTBiNDU3MzQ0ODqAAn1xAShVEl9hdXRoX3VzZXJfYmFja2VuZHECVSlkamFuZ28uY29udHJpYi5hdXRoLmJhY2tlbmRzLk1vZGVsQmFja2VuZHEDVQ1fYXV0aF91c2VyX2lkcQRLCHUu"}}, {"pk": "c9tlkgt6aedr1hstz4xbmogz5sbt407o", "model": "sessions.session", "fields": {"expire_date": "2013-09-17T20:15:44.339Z", "session_data": "OGJjNzZkZmUwYmQ4NmYwMDM1YjgwMDk5YzE5NGI1NzA4Njc0ZmQxMDqAAn1xAShVEl9hdXRoX3VzZXJfYmFja2VuZHECVSlkamFuZ28uY29udHJpYi5hdXRoLmJhY2tlbmRzLk1vZGVsQmFja2VuZHEDVQ1fYXV0aF91c2VyX2lkcQRLAXUu"}}, {"pk": "ee9w995tif7vtjj6a0sdsox9occz0mg9", "model": "sessions.session", "fields": {"expire_date": "2013-12-26T16:34:36.724Z", "session_data": "YWM3ZGZkMTc1MjZmOGU1MWY3ODFjOWJkMWY4YjAyZTBiNDU3MzQ0ODqAAn1xAShVEl9hdXRoX3VzZXJfYmFja2VuZHECVSlkamFuZ28uY29udHJpYi5hdXRoLmJhY2tlbmRzLk1vZGVsQmFja2VuZHEDVQ1fYXV0aF91c2VyX2lkcQRLCHUu"}}, {"pk": "fx2dyy6lm4ouy6o82ynj20onrqnuagcn", "model": "sessions.session", "fields": {"expire_date": "2013-12-20T20:02:17.744Z", "session_data": "YWM3ZGZkMTc1MjZmOGU1MWY3ODFjOWJkMWY4YjAyZTBiNDU3MzQ0ODqAAn1xAShVEl9hdXRoX3VzZXJfYmFja2VuZHECVSlkamFuZ28uY29udHJpYi5hdXRoLmJhY2tlbmRzLk1vZGVsQmFja2VuZHEDVQ1fYXV0aF91c2VyX2lkcQRLCHUu"}}, {"pk": "ha5z2hsgz0i95jefw8p1d4gvco7il3nd", "model": "sessions.session", "fields": {"expire_date": "2013-12-29T18:51:14.153Z", "session_data": "N2U1YjYzOTcwN2NjMWI3ZWQyNTllNGNjNzc2Yzk5ZjdlMzUyNGQzZDqAAn1xAVgKAAAAdGVzdGNvb2tpZXECWAYAAAB3b3JrZWRxA3Mu"}}, {"pk": "jb9hdd2goj6k7ytmx4kc17a36tmfrkdq", "model": "sessions.session", "fields": {"expire_date": "2013-12-02T03:58:21.518Z", "session_data": "Y2QyYjhjMDY0NGMwZDZmYzM2ODRhZDkxYjBkNzM2OWQ3NTI5MTMyMTqAAn1xAShVDV9hdXRoX3VzZXJfaWRLCFUSX2F1dGhfdXNlcl9iYWNrZW5kVSlkamFuZ28uY29udHJpYi5hdXRoLmJhY2tlbmRzLk1vZGVsQmFja2VuZHECdS4="}}, {"pk": "ldyil1bbehim01f8xltgkgfpyaqv44eu", "model": "sessions.session", "fields": {"expire_date": "2013-12-30T19:47:33.590Z", "session_data": "YTgyMmQ2NGFmZTAyMWFhMDg2ZjdhNTFiYzhmOWU3YTZiYTQyOTlhNDqAAn1xAS4="}}, {"pk": "m8smvg1pfuzqh01qi1zbi1ctmp4i0sa8", "model": "sessions.session", "fields": {"expire_date": "2014-01-10T21:33:17.095Z", "session_data": "YWM3ZGZkMTc1MjZmOGU1MWY3ODFjOWJkMWY4YjAyZTBiNDU3MzQ0ODqAAn1xAShVEl9hdXRoX3VzZXJfYmFja2VuZHECVSlkamFuZ28uY29udHJpYi5hdXRoLmJhY2tlbmRzLk1vZGVsQmFja2VuZHEDVQ1fYXV0aF91c2VyX2lkcQRLCHUu"}}, {"pk": "pzegx5unzw1u8frhmt4tih9wlfsoelkm", "model": "sessions.session", "fields": {"expire_date": "2013-10-06T00:22:53.601Z", "session_data": "OGJjNzZkZmUwYmQ4NmYwMDM1YjgwMDk5YzE5NGI1NzA4Njc0ZmQxMDqAAn1xAShVEl9hdXRoX3VzZXJfYmFja2VuZHECVSlkamFuZ28uY29udHJpYi5hdXRoLmJhY2tlbmRzLk1vZGVsQmFja2VuZHEDVQ1fYXV0aF91c2VyX2lkcQRLAXUu"}}, {"pk": "slar29mbhkn74ofljf611tjb5j2ni7k5", "model": "sessions.session", "fields": {"expire_date": "2013-12-08T00:51:30.161Z", "session_data": "YWM3ZGZkMTc1MjZmOGU1MWY3ODFjOWJkMWY4YjAyZTBiNDU3MzQ0ODqAAn1xAShVEl9hdXRoX3VzZXJfYmFja2VuZHECVSlkamFuZ28uY29udHJpYi5hdXRoLmJhY2tlbmRzLk1vZGVsQmFja2VuZHEDVQ1fYXV0aF91c2VyX2lkcQRLCHUu"}}, {"pk": "vitv8sw5cben21klppukqwahv8itkbp8", "model": "sessions.session", "fields": {"expire_date": "2014-01-10T23:18:26.342Z", "session_data": "N2U1YjYzOTcwN2NjMWI3ZWQyNTllNGNjNzc2Yzk5ZjdlMzUyNGQzZDqAAn1xAVgKAAAAdGVzdGNvb2tpZXECWAYAAAB3b3JrZWRxA3Mu"}}, {"pk": "wofqilyj6y9ms9dlkg25c9utd2y8plqe", "model": "sessions.session", "fields": {"expire_date": "2013-12-01T21:22:16.709Z", "session_data": "YTgyMmQ2NGFmZTAyMWFhMDg2ZjdhNTFiYzhmOWU3YTZiYTQyOTlhNDqAAn1xAS4="}}, {"pk": "xym9dn78tbisau7cefmoqwz51fjahlaq", "model": "sessions.session", "fields": {"expire_date": "2013-12-29T18:50:31.368Z", "session_data": "N2U1YjYzOTcwN2NjMWI3ZWQyNTllNGNjNzc2Yzk5ZjdlMzUyNGQzZDqAAn1xAVgKAAAAdGVzdGNvb2tpZXECWAYAAAB3b3JrZWRxA3Mu"}}, {"pk": "xyp98lwij0thy79ntph99qlszteyp8tz", "model": "sessions.session", "fields": {"expire_date": "2013-12-20T19:59:35.165Z", "session_data": "N2U1YjYzOTcwN2NjMWI3ZWQyNTllNGNjNzc2Yzk5ZjdlMzUyNGQzZDqAAn1xAVgKAAAAdGVzdGNvb2tpZXECWAYAAAB3b3JrZWRxA3Mu"}}, {"pk": "yy1w7swgazd5bumy684jni3sbcl3znan", "model": "sessions.session", "fields": {"expire_date": "2013-09-17T21:45:29.562Z", "session_data": "OGJjNzZkZmUwYmQ4NmYwMDM1YjgwMDk5YzE5NGI1NzA4Njc0ZmQxMDqAAn1xAShVEl9hdXRoX3VzZXJfYmFja2VuZHECVSlkamFuZ28uY29udHJpYi5hdXRoLmJhY2tlbmRzLk1vZGVsQmFja2VuZHEDVQ1fYXV0aF91c2VyX2lkcQRLAXUu"}}, {"pk": "zpc7ndzqxwhncyfl2ttimbwo1ob41aeq", "model": "sessions.session", "fields": {"expire_date": "2013-12-14T07:45:22.591Z", "session_data": "YjYzMDc2NmI2MDJiNjY3ZThjNWUzZTMwMTc4MjE0ODRkOWNhN2EwODp7Il9hdXRoX3VzZXJfYmFja2VuZCI6ImRqYW5nby5jb250cmliLmF1dGguYmFja2VuZHMuTW9kZWxCYWNrZW5kIiwiX2F1dGhfdXNlcl9pZCI6OH0="}}, {"pk": 1, "model": "sites.site", "fields": {"domain": "example.com", "name": "example.com"}}, {"pk": 1, "model": "polls.coursepolloption", "fields": {"votes": 1, "poll": 7, "name": "op12"}}, {"pk": 2, "model": "polls.coursepolloption", "fields": {"votes": 1, "poll": 7, "name": "op21"}}, {"pk": 3, "model": "polls.coursepolloption", "fields": {"votes": 0, "poll": 8, "name": "is it?"}}, {"pk": 4, "model": "polls.coursepolloption", "fields": {"votes": 0, "poll": 8, "name": "I dont think so."}}, {"pk": 5, "model": "polls.coursepolloption", "fields": {"votes": 0, "poll": 9, "name": "Yes"}}, {"pk": 6, "model": "polls.coursepolloption", "fields": {"votes": 1, "poll": 9, "name": "No"}}, {"pk": 7, "model": "polls.coursepolloption", "fields": {"votes": 0, "poll": 9, "name": "MayBe"}}, {"pk": 8, "model": "polls.coursepolloption", "fields": {"votes": 0, "poll": 9, "name": "Who Cares"}}, {"pk": 9, "model": "polls.coursepolloption", "fields": {"votes": 1, "poll": 10, "name": "yes"}}, {"pk": 10, "model": "polls.coursepolloption", "fields": {"votes": 0, "poll": 10, "name": "no"}}, {"pk": 11, "model": "polls.coursepolloption", "fields": {"votes": 0, "poll": 10, "name": "depends on use"}}, {"pk": 12, "model": "polls.coursepolloption", "fields": {"votes": 0, "poll": 10, "name": "I say mac"}}, {"pk": 13, "model": "polls.coursepolloption", "fields": {"votes": 1, "poll": 11, "name": "Yes"}}, {"pk": 14, "model": "polls.coursepolloption", "fields": {"votes": 0, "poll": 11, "name": "and Yes"}}, {"pk": 15, "model": "polls.coursepolloption", "fields": {"votes": 0, "poll": 11, "name": "and once again Yes"}}, {"pk": 16, "model": "polls.coursepolloption", "fields": {"votes": 1, "poll": 12, "name": "YES"}}, {"pk": 17, "model": "polls.coursepolloption", "fields": {"votes": 0, "poll": 12, "name": "NO"}}, {"pk": 1, "model": "courses.courseresource", "fields": {"date": "2013-11-26T19:02:20.346Z", "course": 23, "data": "uploadedFiles/Courses/Course41/resources/00:00:00_templatemo_style.css", "description": "This is a text about chapter 1.", "title": "res1"}}, {"pk": 2, "model": "courses.courseresource", "fields": {"date": "2013-11-26T20:55:05.285Z", "course": 23, "data": "uploadedFiles/Courses/Course41/resources/00:00:00_Mummy.jpg", "description": "Sample paper for mid sem.", "title": "Sample Paper"}}, {"pk": 1, "model": "auth.permission", "fields": {"codename": "add_permission", "name": "Can add permission", "content_type": 1}}, {"pk": 2, "model": "auth.permission", "fields": {"codename": "change_permission", "name": "Can change permission", "content_type": 1}}, {"pk": 3, "model": "auth.permission", "fields": {"codename": "delete_permission", "name": "Can delete permission", "content_type": 1}}, {"pk": 4, "model": "auth.permission", "fields": {"codename": "add_group", "name": "Can add group", "content_type": 2}}, {"pk": 5, "model": "auth.permission", "fields": {"codename": "change_group", "name": "Can change group", "content_type": 2}}, {"pk": 6, "model": "auth.permission", "fields": {"codename": "delete_group", "name": "Can delete group", "content_type": 2}}, {"pk": 7, "model": "auth.permission", "fields": {"codename": "add_contenttype", "name": "Can add content type", "content_type": 3}}, {"pk": 8, "model": "auth.permission", "fields": {"codename": "change_contenttype", "name": "Can change content type", "content_type": 3}}, {"pk": 9, "model": "auth.permission", "fields": {"codename": "delete_contenttype", "name": "Can delete content type", "content_type": 3}}, {"pk": 10, "model": "auth.permission", "fields": {"codename": "add_session", "name": "Can add session", "content_type": 4}}, {"pk": 11, "model": "auth.permission", "fields": {"codename": "change_session", "name": "Can change session", "content_type": 4}}, {"pk": 12, "model": "auth.permission", "fields": {"codename": "delete_session", "name": "Can delete session", "content_type": 4}}, {"pk": 13, "model": "auth.permission", "fields": {"codename": "add_site", "name": "Can add site", "content_type": 5}}, {"pk": 14, "model": "auth.permission", "fields": {"codename": "change_site", "name": "Can change site", "content_type": 5}}, {"pk": 15, "model": "auth.permission", "fields": {"codename": "delete_site", "name": "Can delete site", "content_type": 5}}, {"pk": 16, "model": "auth.permission", "fields": {"codename": "add_logentry", "name": "Can add log entry", "content_type": 6}}, {"pk": 17, "model": "auth.permission", "fields": {"codename": "change_logentry", "name": "Can change log entry", "content_type": 6}}, {"pk": 18, "model": "auth.permission", "fields": {"codename": "delete_logentry", "name": "Can delete log entry", "content_type": 6}}, {"pk": 19, "model": "auth.permission", "fields": {"codename": "add_schuleuser", "name": "Can add user", "content_type": 7}}, {"pk": 20, "model": "auth.permission", "fields": {"codename": "change_schuleuser", "name": "Can change user", "content_type": 7}}, {"pk": 21, "model": "auth.permission", "fields": {"codename": "delete_schuleuser", "name": "Can delete user", "content_type": 7}}, {"pk": 31, "model": "auth.permission", "fields": {"codename": "add_courseforum", "name": "Can add course forum", "content_type": 11}}, {"pk": 32, "model": "auth.permission", "fields": {"codename": "change_courseforum", "name": "Can change course forum", "content_type": 11}}, {"pk": 33, "model": "auth.permission", "fields": {"codename": "delete_courseforum", "name": "Can delete course forum", "content_type": 11}}, {"pk": 37, "model": "auth.permission", "fields": {"codename": "add_course", "name": "Can add course", "content_type": 13}}, {"pk": 38, "model": "auth.permission", "fields": {"codename": "change_course", "name": "Can change course", "content_type": 13}}, {"pk": 39, "model": "auth.permission", "fields": {"codename": "delete_course", "name": "Can delete course", "content_type": 13}}, {"pk": 40, "model": "auth.permission", "fields": {"codename": "add_coursemembership", "name": "Can add course membership", "content_type": 14}}, {"pk": 41, "model": "auth.permission", "fields": {"codename": "change_coursemembership", "name": "Can change course membership", "content_type": 14}}, {"pk": 42, "model": "auth.permission", "fields": {"codename": "delete_coursemembership", "name": "Can delete course membership", "content_type": 14}}, {"pk": 43, "model": "auth.permission", "fields": {"codename": "add_courseresource", "name": "Can add course resource", "content_type": 15}}, {"pk": 44, "model": "auth.permission", "fields": {"codename": "change_courseresource", "name": "Can change course resource", "content_type": 15}}, {"pk": 45, "model": "auth.permission", "fields": {"codename": "delete_courseresource", "name": "Can delete course resource", "content_type": 15}}, {"pk": 46, "model": "auth.permission", "fields": {"codename": "add_assignment", "name": "Can add assignment", "content_type": 16}}, {"pk": 47, "model": "auth.permission", "fields": {"codename": "change_assignment", "name": "Can change assignment", "content_type": 16}}, {"pk": 48, "model": "auth.permission", "fields": {"codename": "delete_assignment", "name": "Can delete assignment", "content_type": 16}}, {"pk": 49, "model": "auth.permission", "fields": {"codename": "add_assignmentresources", "name": "Can add assignment resources", "content_type": 17}}, {"pk": 50, "model": "auth.permission", "fields": {"codename": "change_assignmentresources", "name": "Can change assignment resources", "content_type": 17}}, {"pk": 51, "model": "auth.permission", "fields": {"codename": "delete_assignmentresources", "name": "Can delete assignment resources", "content_type": 17}}, {"pk": 61, "model": "auth.permission", "fields": {"codename": "add_coursepoll", "name": "Can add course poll", "content_type": 21}}, {"pk": 62, "model": "auth.permission", "fields": {"codename": "change_coursepoll", "name": "Can change course poll", "content_type": 21}}, {"pk": 63, "model": "auth.permission", "fields": {"codename": "delete_coursepoll", "name": "Can delete course poll", "content_type": 21}}, {"pk": 64, "model": "auth.permission", "fields": {"codename": "add_coursepolloption", "name": "Can add course poll option", "content_type": 22}}, {"pk": 65, "model": "auth.permission", "fields": {"codename": "change_coursepolloption", "name": "Can change course poll option", "content_type": 22}}, {"pk": 66, "model": "auth.permission", "fields": {"codename": "delete_coursepolloption", "name": "Can delete course poll option", "content_type": 22}}, {"pk": 70, "model": "auth.permission", "fields": {"codename": "create_edit_instructor", "name": "Can create or edit instructors.", "content_type": 7}}, {"pk": 71, "model": "auth.permission", "fields": {"codename": "create_edit_student", "name": "Can create or edit students.", "content_type": 7}}, {"pk": 72, "model": "auth.permission", "fields": {"codename": "create_edit_manager", "name": "Can create or edit manager.", "content_type": 7}}, {"pk": 73, "model": "auth.permission", "fields": {"codename": "add_courseforumcomment", "name": "Can add course forum comment", "content_type": 24}}, {"pk": 74, "model": "auth.permission", "fields": {"codename": "change_courseforumcomment", "name": "Can change course forum comment", "content_type": 24}}, {"pk": 75, "model": "auth.permission", "fields": {"codename": "delete_courseforumcomment", "name": "Can delete course forum comment", "content_type": 24}}, {"pk": 76, "model": "auth.permission", "fields": {"codename": "add_group", "name": "Can add group", "content_type": 25}}, {"pk": 77, "model": "auth.permission", "fields": {"codename": "change_group", "name": "Can change group", "content_type": 25}}, {"pk": 78, "model": "auth.permission", "fields": {"codename": "delete_group", "name": "Can delete group", "content_type": 25}}, {"pk": 79, "model": "auth.permission", "fields": {"codename": "add_groupmembership", "name": "Can add group membership", "content_type": 26}}, {"pk": 80, "model": "auth.permission", "fields": {"codename": "change_groupmembership", "name": "Can change group membership", "content_type": 26}}, {"pk": 81, "model": "auth.permission", "fields": {"codename": "delete_groupmembership", "name": "Can delete group membership", "content_type": 26}}, {"pk": 82, "model": "auth.permission", "fields": {"codename": "add_groupresource", "name": "Can add group resource", "content_type": 27}}, {"pk": 83, "model": "auth.permission", "fields": {"codename": "change_groupresource", "name": "Can change group resource", "content_type": 27}}, {"pk": 84, "model": "auth.permission", "fields": {"codename": "delete_groupresource", "name": "Can delete group resource", "content_type": 27}}, {"pk": 85, "model": "auth.permission", "fields": {"codename": "add_event", "name": "Can add event", "content_type": 28}}, {"pk": 86, "model": "auth.permission", "fields": {"codename": "change_event", "name": "Can change event", "content_type": 28}}, {"pk": 87, "model": "auth.permission", "fields": {"codename": "delete_event", "name": "Can delete event", "content_type": 28}}, {"pk": 88, "model": "auth.permission", "fields": {"codename": "add_update", "name": "Can add update", "content_type": 29}}, {"pk": 89, "model": "auth.permission", "fields": {"codename": "change_update", "name": "Can change update", "content_type": 29}}, {"pk": 90, "model": "auth.permission", "fields": {"codename": "delete_update", "name": "Can delete update", "content_type": 29}}, {"pk": 91, "model": "auth.permission", "fields": {"codename": "add_follow", "name": "Can add follow", "content_type": 30}}, {"pk": 92, "model": "auth.permission", "fields": {"codename": "change_follow", "name": "Can change follow", "content_type": 30}}, {"pk": 93, "model": "auth.permission", "fields": {"codename": "delete_follow", "name": "Can delete follow", "content_type": 30}}, {"pk": 94, "model": "auth.permission", "fields": {"codename": "add_grouppoll", "name": "Can add group poll", "content_type": 31}}, {"pk": 95, "model": "auth.permission", "fields": {"codename": "change_grouppoll", "name": "Can change group poll", "content_type": 31}}, {"pk": 96, "model": "auth.permission", "fields": {"codename": "delete_grouppoll", "name": "Can delete group poll", "content_type": 31}}, {"pk": 97, "model": "auth.permission", "fields": {"codename": "add_grouppolloption", "name": "Can add group poll option", "content_type": 32}}, {"pk": 98, "model": "auth.permission", "fields": {"codename": "change_grouppolloption", "name": "Can change group poll option", "content_type": 32}}, {"pk": 99, "model": "auth.permission", "fields": {"codename": "delete_grouppolloption", "name": "Can delete group poll option", "content_type": 32}}, {"pk": 100, "model": "auth.permission", "fields": {"codename": "add_groupforum", "name": "Can add group forum", "content_type": 33}}, {"pk": 101, "model": "auth.permission", "fields": {"codename": "change_groupforum", "name": "Can change group forum", "content_type": 33}}, {"pk": 102, "model": "auth.permission", "fields": {"codename": "delete_groupforum", "name": "Can delete group forum", "content_type": 33}}, {"pk": 103, "model": "auth.permission", "fields": {"codename": "add_groupforumcomment", "name": "Can add group forum comment", "content_type": 34}}, {"pk": 104, "model": "auth.permission", "fields": {"codename": "change_groupforumcomment", "name": "Can change group forum comment", "content_type": 34}}, {"pk": 105, "model": "auth.permission", "fields": {"codename": "delete_groupforumcomment", "name": "Can delete group forum comment", "content_type": 34}}, {"pk": 1, "model": "auth.group", "fields": {"name": "Manager", "permissions": []}}, {"pk": 2, "model": "auth.group", "fields": {"name": "Instructor", "permissions": [19, 20, 71, 21]}}, {"pk": 3, "model": "auth.group", "fields": {"name": "Student", "permissions": []}}, {"pk": 4, "model": "auth.group", "fields": {"name": "Head Manager", "permissions": [19, 20, 70, 71, 21]}}, {"pk": 1, "model": "accounts.schuleuser", "fields": {"last_name": "", "countryCode": "+91", "birthDate": null, "userType": "MA", "is_staff": true, "addressLine2": "", "addressLine1": "", "user_permissions": [], "date_joined": "2013-08-26T01:22:12.424Z", "first_name": "", "district": "", "is_superuser": true, "state": "", "last_login": "2013-11-11T08:55:25.063Z", "postalCode": "", "email": "rgarg1992@gmail.com", "registrationDate": "2013-11-17", "username": "rohit", "is_active": true, "phone": "", "groups": [4], "password": "pbkdf2_sha256$10000$T9WaIvgOHtrt$vvl+tUWCt08RqnbURGvj2z/PbPuNJEz55mVA11ojM2o=", "country": "India", "vigilanceKey": ""}}, {"pk": 2, "model": "accounts.schuleuser", "fields": {"last_name": "user", "countryCode": "+91", "birthDate": "2013-09-04", "userType": "IN", "is_staff": false, "addressLine2": "", "addressLine1": "", "user_permissions": [], "date_joined": "2013-09-03T19:09:16Z", "first_name": "user", "district": "", "is_superuser": false, "state": "", "last_login": "2013-09-03T19:09:16Z", "postalCode": "", "email": "user1@user.com", "registrationDate": "2013-11-17", "username": "user1", "is_active": true, "phone": "", "groups": [3], "password": "user1234", "country": "India", "vigilanceKey": ""}}, {"pk": 3, "model": "accounts.schuleuser", "fields": {"last_name": "user12", "countryCode": "+91", "birthDate": "2013-09-04", "userType": "ST", "is_staff": false, "addressLine2": "", "addressLine1": "", "user_permissions": [], "date_joined": "2013-09-03T19:18:25Z", "first_name": "user12", "district": "", "is_superuser": false, "state": "", "last_login": "2013-09-03T19:18:25Z", "postalCode": "", "email": "user12@user.com", "registrationDate": "2013-11-16", "username": "user12", "is_active": true, "phone": "", "groups": [3], "password": "user12", "country": "India", "vigilanceKey": "e0bHTQBF"}}, {"pk": 4, "model": "accounts.schuleuser", "fields": {"last_name": "user13", "countryCode": "+91", "birthDate": null, "userType": "IN", "is_staff": false, "addressLine2": "", "addressLine1": "", "user_permissions": [], "date_joined": "2013-09-03T19:25:29Z", "first_name": "user13", "district": "", "is_superuser": false, "state": "", "last_login": "2013-09-03T19:25:29Z", "postalCode": "", "email": "user13@user.com", "registrationDate": "2013-11-17", "username": "user13", "is_active": true, "phone": "", "groups": [1], "password": "user13", "country": "India", "vigilanceKey": "jWnWm5Cv"}}, {"pk": 5, "model": "accounts.schuleuser", "fields": {"last_name": "user14", "countryCode": "+91", "birthDate": "2013-09-04", "userType": "IN", "is_staff": false, "addressLine2": "", "addressLine1": "", "user_permissions": [20, 21, 16], "date_joined": "2013-09-03T19:33:16Z", "first_name": "user14", "district": "", "is_superuser": false, "state": "", "last_login": "2013-09-03T19:33:16Z", "postalCode": "", "email": "user14@user.com", "registrationDate": "2013-11-17", "username": "user14", "is_active": true, "phone": "", "groups": [3], "password": "User14", "country": "India", "vigilanceKey": "6BYFPoev"}}, {"pk": 6, "model": "accounts.schuleuser", "fields": {"last_name": "", "countryCode": "+91", "birthDate": null, "userType": "IN", "is_staff": false, "addressLine2": "", "addressLine1": "", "user_permissions": [], "date_joined": "2013-09-03T20:15:12.004Z", "first_name": "user15", "district": "", "is_superuser": false, "state": "", "last_login": "2013-09-03T20:54:51.572Z", "postalCode": "", "email": "user15@user.com", "registrationDate": "2013-11-17", "username": "user15", "is_active": true, "phone": "", "groups": [2], "password": "pbkdf2_sha256$10000$bsWGfLvzCw7E$OA9Pje0Sf6CidXCBbU1nl4kiRs967xskBi314uo1aGI=", "country": "India", "vigilanceKey": "w3AyinxA"}}, {"pk": 7, "model": "accounts.schuleuser", "fields": {"last_name": "", "countryCode": "+91", "birthDate": null, "userType": "IN", "is_staff": false, "addressLine2": "", "addressLine1": "", "user_permissions": [], "date_joined": "2013-09-04T18:29:15.915Z", "first_name": "", "district": "", "is_superuser": false, "state": "", "last_login": "2013-09-04T18:29:15.915Z", "postalCode": "", "email": "user16@user.com", "registrationDate": "2013-11-17", "username": "user16", "is_active": true, "phone": "", "groups": [], "password": "pbkdf2_sha256$10000$i3JfG34bcGTB$VetpLLKgmGoZ9ucs+weRm4nSOTfd3nwciWNy6gLxCJ4=", "country": "India", "vigilanceKey": "O8UKcI9A"}}, {"pk": 8, "model": "accounts.schuleuser", "fields": {"last_name": "user22", "countryCode": "+91", "birthDate": null, "userType": "IN", "is_staff": false, "addressLine2": "", "addressLine1": "", "user_permissions": [], "date_joined": "2013-11-16T23:55:56.068Z", "first_name": "user22", "district": "", "is_superuser": false, "state": "", "last_login": "2013-12-27T23:19:46.642Z", "postalCode": "", "email": "rgarg1992@gmail.com", "registrationDate": "2013-11-17", "username": "user22", "is_active": true, "phone": "", "groups": [2], "password": "pbkdf2_sha256$12000$kbLrOEPhFcSz$mvN+qHEUXbNI8ImPwymHcQycnMDxTChcM749GaY3MaY=", "country": "India", "vigilanceKey": "A82yY9JZ"}}, {"pk": 9, "model": "accounts.schuleuser", "fields": {"last_name": "user21", "countryCode": "+91", "birthDate": null, "userType": "MA", "is_staff": true, "addressLine2": "", "addressLine1": "", "user_permissions": [], "date_joined": "2013-11-16T23:56:37.235Z", "first_name": "user21", "district": "", "is_superuser": false, "state": "", "last_login": "2013-11-17T22:32:59.201Z", "postalCode": "", "email": "rgarg1992@gmail.com", "registrationDate": "2013-11-17", "username": "user21", "is_active": true, "phone": "", "groups": [1, 4], "password": "pbkdf2_sha256$10000$C3swKlbokLc1$/dM1VypjKp70/unn7sKXOP8QYXM1JvBkEpGStVF9qck=", "country": "India", "vigilanceKey": "N63CJEDN"}}, {"pk": 10, "model": "accounts.schuleuser", "fields": {"last_name": "user23", "countryCode": "+91", "birthDate": null, "userType": "MA", "is_staff": true, "addressLine2": "", "addressLine1": "", "user_permissions": [], "date_joined": "2013-11-16T23:56:58.132Z", "first_name": "user23", "district": "", "is_superuser": false, "state": "", "last_login": "2013-11-17T12:27:10.920Z", "postalCode": "", "email": "rgarg1992@gmail.com", "registrationDate": "2013-11-17", "username": "user23", "is_active": true, "phone": "", "groups": [1], "password": "pbkdf2_sha256$10000$nU2rMT02UpC6$ro3j36WImJVBQMrfH5kLvdKPriJaXEEgDt0rJFjj3D4=", "country": "India", "vigilanceKey": "CkmQpTCf"}}, {"pk": 11, "model": "accounts.schuleuser", "fields": {"last_name": "user24", "countryCode": "+91", "birthDate": null, "userType": "ST", "is_staff": false, "addressLine2": "", "addressLine1": "", "user_permissions": [], "date_joined": "2013-11-16T23:57:23.348Z", "first_name": "user24", "district": "", "is_superuser": false, "state": "", "last_login": "2013-11-16T23:57:23.347Z", "postalCode": "", "email": "rgarg1992@gmail.com", "registrationDate": "2013-11-16", "username": "user24", "is_active": true, "phone": "", "groups": [3], "password": "pbkdf2_sha256$10000$6bWBQjGyKliM$yTT3FR5SPC60GlGnVdCAmS/g7zRjKGYeVgLWRaDYBug=", "country": "India", "vigilanceKey": "u7F8OZmv"}}, {"pk": 12, "model": "accounts.schuleuser", "fields": {"last_name": "", "countryCode": "+91", "birthDate": null, "userType": "ST", "is_staff": false, "addressLine2": "", "addressLine1": "", "user_permissions": [], "date_joined": "2013-11-18T22:28:33.241Z", "first_name": "user31", "district": "", "is_superuser": false, "state": "", "last_login": "2013-11-18T22:28:33.241Z", "postalCode": "", "email": "user31@gmail.com", "registrationDate": "2013-11-18", "username": "user31", "is_active": true, "phone": "", "groups": [3], "password": "pbkdf2_sha256$10000$pdMv47dEXnUm$SaAVL/+ulbMPsTei8dhwbawRAl3bXKV43ABc5+AgTcU=", "country": "India", "vigilanceKey": "MTh3PTwM"}}, {"pk": 1, "model": "events.follow", "fields": {"follower": [3], "object_id": 2, "content_type": 7}}, {"pk": 1, "model": "courses.coursemembership", "fields": {"course": 5, "user": 1, "userType": "OW"}}, {"pk": 2, "model": "courses.coursemembership", "fields": {"course": 6, "user": 1, "userType": "OW"}}, {"pk": 3, "model": "courses.coursemembership", "fields": {"course": 7, "user": 1, "userType": "OW"}}, {"pk": 4, "model": "courses.coursemembership", "fields": {"course": 8, "user": 1, "userType": "OW"}}, {"pk": 5, "model": "courses.coursemembership", "fields": {"course": 9, "user": 1, "userType": "OW"}}, {"pk": 6, "model": "courses.coursemembership", "fields": {"course": 10, "user": 1, "userType": "OW"}}, {"pk": 7, "model": "courses.coursemembership", "fields": {"course": 11, "user": 1, "userType": "OW"}}, {"pk": 8, "model": "courses.coursemembership", "fields": {"course": 12, "user": 1, "userType": "OW"}}, {"pk": 9, "model": "courses.coursemembership", "fields": {"course": 13, "user": 1, "userType": "OW"}}, {"pk": 10, "model": "courses.coursemembership", "fields": {"course": 14, "user": 1, "userType": "OW"}}, {"pk": 11, "model": "courses.coursemembership", "fields": {"course": 12, "user": 7, "userType": "ST"}}, {"pk": 12, "model": "courses.coursemembership", "fields": {"course": 12, "user": 7, "userType": "ST"}}, {"pk": 13, "model": "courses.coursemembership", "fields": {"course": 12, "user": 7, "userType": "ST"}}, {"pk": 14, "model": "courses.coursemembership", "fields": {"course": 12, "user": 6, "userType": "MO"}}, {"pk": 15, "model": "courses.coursemembership", "fields": {"course": 12, "user": 5, "userType": "MO"}}, {"pk": 16, "model": "courses.coursemembership", "fields": {"course": 12, "user": 4, "userType": "MO"}}, {"pk": 17, "model": "courses.coursemembership", "fields": {"course": 17, "user": 8, "userType": "OW"}}, {"pk": 18, "model": "courses.coursemembership", "fields": {"course": 18, "user": 8, "userType": "OW"}}, {"pk": 19, "model": "courses.coursemembership", "fields": {"course": 19, "user": 8, "userType": "OW"}}, {"pk": 20, "model": "courses.coursemembership", "fields": {"course": 20, "user": 8, "userType": "OW"}}, {"pk": 21, "model": "courses.coursemembership", "fields": {"course": 21, "user": 8, "userType": "OW"}}, {"pk": 22, "model": "courses.coursemembership", "fields": {"course": 21, "user": 7, "userType": "ST"}}, {"pk": 23, "model": "courses.coursemembership", "fields": {"course": 22, "user": 8, "userType": "OW"}}, {"pk": 24, "model": "courses.coursemembership", "fields": {"course": 23, "user": 8, "userType": "OW"}}, {"pk": 25, "model": "courses.coursemembership", "fields": {"course": 23, "user": 5, "userType": "MO"}}, {"pk": 26, "model": "courses.coursemembership", "fields": {"course": 23, "user": 10, "userType": "MO"}}, {"pk": 27, "model": "courses.coursemembership", "fields": {"course": 23, "user": 12, "userType": "ST"}}, {"pk": 1, "model": "courses.course", "fields": {"startDate": "2013-09-21", "endDate": "2013-12-01", "name": "testCourse", "courseVideo": "", "coursePhoto": "", "description": "this is a test course."}}, {"pk": 2, "model": "courses.course", "fields": {"startDate": "2013-09-21", "endDate": "2013-12-01", "name": "testCourse", "courseVideo": "", "coursePhoto": "", "description": "this is a test course."}}, {"pk": 3, "model": "courses.course", "fields": {"startDate": "2013-09-21", "endDate": "2013-12-01", "name": "testCourse", "courseVideo": "", "coursePhoto": "", "description": "this is a test course."}}, {"pk": 4, "model": "courses.course", "fields": {"startDate": "2013-09-21", "endDate": "2013-12-01", "name": "testCourse", "courseVideo": "", "coursePhoto": "", "description": "this is a test course."}}, {"pk": 5, "model": "courses.course", "fields": {"startDate": "2013-09-21", "endDate": "2013-12-21", "name": "testcourse2", "courseVideo": "", "coursePhoto": "", "description": "this is another test course"}}, {"pk": 6, "model": "courses.course", "fields": {"startDate": "2013-09-21", "endDate": "2013-12-21", "name": "testcourse3", "courseVideo": "", "coursePhoto": "", "description": "this is another test course"}}, {"pk": 7, "model": "courses.course", "fields": {"startDate": "2013-09-21", "endDate": "2013-12-21", "name": "testcourse4", "courseVideo": "", "coursePhoto": "", "description": "this is another test course"}}, {"pk": 8, "model": "courses.course", "fields": {"startDate": "2013-09-21", "endDate": "2013-12-21", "name": "testcourse5", "courseVideo": "", "coursePhoto": "", "description": "this is another test course"}}, {"pk": 9, "model": "courses.course", "fields": {"startDate": "2013-09-21", "endDate": "2013-12-21", "name": "testcourse6", "courseVideo": "", "coursePhoto": "", "description": "this is another test course"}}, {"pk": 10, "model": "courses.course", "fields": {"startDate": "2013-09-21", "endDate": "2013-10-21", "name": "testcourse7", "courseVideo": "", "coursePhoto": "", "description": "this is a test course"}}, {"pk": 11, "model": "courses.course", "fields": {"startDate": "2013-09-21", "endDate": "2013-10-21", "name": "testcourse8", "courseVideo": "", "coursePhoto": "", "description": "this is a test course"}}, {"pk": 12, "model": "courses.course", "fields": {"startDate": "2013-09-21", "endDate": "2013-10-21", "name": "testcourse8", "courseVideo": "", "coursePhoto": "", "description": "this is a test course"}}, {"pk": 13, "model": "courses.course", "fields": {"startDate": "2013-09-21", "endDate": "2013-10-21", "name": "testcourse10", "courseVideo": "", "coursePhoto": "uploadedFiles/00:00:00_100_0644.JPG", "description": "this is a test course"}}, {"pk": 14, "model": "courses.course", "fields": {"startDate": "2013-09-21", "endDate": "2013-10-21", "name": "testcourse11", "courseVideo": "", "coursePhoto": "uploadedFiles/00:00:00_100_0644.JPG", "description": "this is a test course"}}, {"pk": 15, "model": "courses.course", "fields": {"startDate": "2013-11-22", "endDate": "2013-12-22", "name": "course1", "courseVideo": "", "coursePhoto": "", "description": "This is a new course."}}, {"pk": 16, "model": "courses.course", "fields": {"startDate": "2013-11-22", "endDate": "2013-12-22", "name": "course1", "courseVideo": "", "coursePhoto": "", "description": "This is a new course."}}, {"pk": 17, "model": "courses.course", "fields": {"startDate": "2013-11-22", "endDate": "2013-12-22", "name": "course1", "courseVideo": "", "coursePhoto": "", "description": "This is a new course."}}, {"pk": 18, "model": "courses.course", "fields": {"startDate": "2013-11-22", "endDate": "2013-12-22", "name": "course1", "courseVideo": "", "coursePhoto": "", "description": "This is a new course."}}, {"pk": 19, "model": "courses.course", "fields": {"startDate": "2013-11-22", "endDate": "2013-12-22", "name": "course1", "courseVideo": "", "coursePhoto": "", "description": "This is a new course."}}, {"pk": 20, "model": "courses.course", "fields": {"startDate": "2013-11-22", "endDate": "2013-12-22", "name": "course1", "courseVideo": "", "coursePhoto": "", "description": "This is a new course."}}, {"pk": 21, "model": "courses.course", "fields": {"startDate": "2013-11-22", "endDate": "2013-11-25", "name": "course21", "courseVideo": "", "coursePhoto": "", "description": "This is another new course."}}, {"pk": 22, "model": "courses.course", "fields": {"startDate": "2013-11-23", "endDate": "2013-11-25", "name": "course 31", "courseVideo": "", "coursePhoto": "uploadedFiles/Courses/course 31/00:00:00_140720131237.jpg", "description": "This is a very interesting course."}}, {"pk": 23, "model": "courses.course", "fields": {"startDate": "2013-11-23", "endDate": "2013-11-24", "name": "Course41", "courseVideo": "", "coursePhoto": "uploadedFiles/Courses/Course41/00:00:00_monitor_icon.png", "description": "This might be a heavy one fellas!!"}}, {"pk": 1, "model": "groups.groupmembership", "fields": {"userType": "OW", "group": 1, "user": 8}}, {"pk": 1, "model": "groups.group", "fields": {"groupVideo": "", "startDate": "2013-12-27", "groupPhoto": "", "name": "Heath Science", "description": "This group is for ones dedicated towards a good health."}}, {"pk": 1, "model": "forums.courseforumcomment", "fields": {"comment": "I think that is just wrong.", "commentDate": "2013-11-30T13:38:02.806Z", "commenter": 8, "forum": 1}}, {"pk": 2, "model": "forums.courseforumcomment", "fields": {"comment": "Same here.", "commentDate": "2013-11-30T13:41:31.764Z", "commenter": 8, "forum": 1}}, {"pk": 3, "model": "forums.courseforumcomment", "fields": {"comment": "I dont think so.", "commentDate": "2013-11-30T13:41:48.078Z", "commenter": 8, "forum": 1}}, {"pk": 4, "model": "forums.courseforumcomment", "fields": {"comment": "I like AAP", "commentDate": "2013-12-12T16:37:02.422Z", "commenter": 8, "forum": 2}}, {"pk": 5, "model": "forums.courseforumcomment", "fields": {"comment": "i like this!! :P", "commentDate": "2013-12-27T23:24:12.208Z", "commenter": 8, "forum": 2}}, {"pk": 1, "model": "forums.courseforum", "fields": {"description": "Should we also focus on sports other than cricket?", "creater": 8, "createDate": "2013-11-30", "title": "Sport", "course": 23, "data": "uploadedFiles/Courses/Course41/Forums/00:00:00_bunny_1.png"}}, {"pk": 2, "model": "forums.courseforum", "fields": {"description": "Should AAP win?", "creater": 8, "createDate": "2013-12-12", "title": "Polotics.", "course": 23, "data": ""}}, {"pk": 1, "model": "polls.coursepoll", "fields": {"description": "this is for poll 1", "creater": 1, "createDate": "2013-11-11", "voters": [1], "course": 5, "title": "poll1"}}, {"pk": 2, "model": "polls.coursepoll", "fields": {"description": "What do you think about new poll in town?", "creater": 8, "createDate": "2013-11-22", "voters": [8], "course": 21, "title": "New poll in town."}}, {"pk": 3, "model": "polls.coursepoll", "fields": {"description": "", "creater": 8, "createDate": "2013-11-26", "voters": [], "course": 23, "title": "Should everyone vote?"}}, {"pk": 4, "model": "polls.coursepoll", "fields": {"description": "this is a question?", "creater": 8, "createDate": "2013-11-26", "voters": [], "course": 23, "title": "poll1"}}, {"pk": 5, "model": "polls.coursepoll", "fields": {"description": "this is a question?", "creater": 8, "createDate": "2013-11-26", "voters": [], "course": 23, "title": "poll1"}}, {"pk": 6, "model": "polls.coursepoll", "fields": {"description": "this is a question?", "creater": 8, "createDate": "2013-11-26", "voters": [], "course": 23, "title": "poll2"}}, {"pk": 7, "model": "polls.coursepoll", "fields": {"description": "jhfjf", "creater": 8, "createDate": "2013-11-26", "voters": [8], "course": 23, "title": "poll3"}}, {"pk": 8, "model": "polls.coursepoll", "fields": {"description": "this is a very serious que?", "creater": 8, "createDate": "2013-11-26", "voters": [], "course": 23, "title": "new poll"}}, {"pk": 9, "model": "polls.coursepoll", "fields": {"description": "Should everyone vote?", "creater": 8, "createDate": "2013-11-28", "voters": [8], "course": 23, "title": "Voting"}}, {"pk": 10, "model": "polls.coursepoll", "fields": {"description": "Is linux better than windows?", "creater": 8, "createDate": "2013-11-30", "voters": [8], "course": 23, "title": "Operating system."}}, {"pk": 11, "model": "polls.coursepoll", "fields": {"description": "Is Sachin the best player that ever lived?", "creater": 8, "createDate": "2013-11-30", "voters": [8], "course": 23, "title": "Cricket"}}, {"pk": 12, "model": "polls.coursepoll", "fields": {"description": "Should India launch missions like Mars missions?", "creater": 8, "createDate": "2013-12-28", "voters": [8], "course": 23, "title": "Mars mission"}}, {"pk": 1, "model": "admin.logentry", "fields": {"action_flag": 1, "action_time": "2013-08-31T13:22:18.335Z", "object_repr": "Management", "object_id": "1", "change_message": "", "user": 1, "content_type": 2}}, {"pk": 2, "model": "admin.logentry", "fields": {"action_flag": 1, "action_time": "2013-08-31T13:22:41.284Z", "object_repr": "Teacher", "object_id": "2", "change_message": "", "user": 1, "content_type": 2}}, {"pk": 3, "model": "admin.logentry", "fields": {"action_flag": 1, "action_time": "2013-08-31T13:22:58.132Z", "object_repr": "Student", "object_id": "3", "change_message": "", "user": 1, "content_type": 2}}, {"pk": 4, "model": "admin.logentry", "fields": {"action_flag": 1, "action_time": "2013-09-03T19:13:02.657Z", "object_repr": "user1", "object_id": "2", "change_message": "", "user": 1, "content_type": 7}}, {"pk": 5, "model": "admin.logentry", "fields": {"action_flag": 1, "action_time": "2013-09-03T19:21:17.985Z", "object_repr": "user12", "object_id": "3", "change_message": "", "user": 1, "content_type": 7}}, {"pk": 6, "model": "admin.logentry", "fields": {"action_flag": 1, "action_time": "2013-09-03T19:26:08.443Z", "object_repr": "user13", "object_id": "4", "change_message": "", "user": 1, "content_type": 7}}, {"pk": 7, "model": "admin.logentry", "fields": {"action_flag": 1, "action_time": "2013-09-03T19:47:08.103Z", "object_repr": "user14", "object_id": "5", "change_message": "", "user": 1, "content_type": 7}}, {"pk": 8, "model": "admin.logentry", "fields": {"action_flag": 2, "action_time": "2013-09-03T19:47:39.035Z", "object_repr": "user14", "object_id": "5", "change_message": "Changed groups and user_permissions.", "user": 1, "content_type": 7}}, {"pk": 9, "model": "admin.logentry", "fields": {"action_flag": 1, "action_time": "2013-09-04T18:29:16.012Z", "object_repr": "user16", "object_id": "7", "change_message": "", "user": 1, "content_type": 7}}, {"pk": 10, "model": "admin.logentry", "fields": {"action_flag": 1, "action_time": "2013-11-17T11:34:12.658Z", "object_repr": "Head Manager", "object_id": "4", "change_message": "", "user": 1, "content_type": 2}}, {"pk": 11, "model": "admin.logentry", "fields": {"action_flag": 2, "action_time": "2013-11-17T12:19:46.060Z", "object_repr": "Head Manager", "object_id": "4", "change_message": "Changed permissions.", "user": 9, "content_type": 2}}, {"pk": 12, "model": "admin.logentry", "fields": {"action_flag": 2, "action_time": "2013-11-17T12:24:03.230Z", "object_repr": "Head Manager", "object_id": "4", "change_message": "Changed permissions.", "user": 1, "content_type": 2}}, {"pk": 13, "model": "admin.logentry", "fields": {"action_flag": 2, "action_time": "2013-11-17T12:27:31.815Z", "object_repr": "Manager", "object_id": "1", "change_message": "Changed permissions.", "user": 1, "content_type": 2}}, {"pk": 14, "model": "admin.logentry", "fields": {"action_flag": 2, "action_time": "2013-11-17T12:37:52.679Z", "object_repr": "Instructor", "object_id": "2", "change_message": "No fields changed.", "user": 1, "content_type": 2}}, {"pk": 15, "model": "admin.logentry", "fields": {"action_flag": 2, "action_time": "2013-11-18T03:50:02.246Z", "object_repr": "Head Manager", "object_id": "4", "change_message": "Changed permissions.", "user": 1, "content_type": 2}}, {"pk": 16, "model": "admin.logentry", "fields": {"action_flag": 2, "action_time": "2013-11-18T03:51:06.539Z", "object_repr": "Instructor", "object_id": "2", "change_message": "Changed permissions.", "user": 1, "content_type": 2}}, {"pk": 17, "model": "admin.logentry", "fields": {"action_flag": 2, "action_time": "2013-11-18T03:52:33.945Z", "object_repr": "Head Manager", "object_id": "4", "change_message": "Changed permissions.", "user": 1, "content_type": 2}}]