[{"pk": 1, "model": "contenttypes.contenttype", "fields": {"model": "permission", "name": "permission", "app_label": "auth"}}, {"pk": 2, "model": "contenttypes.contenttype", "fields": {"model": "group", "name": "group", "app_label": "auth"}}, {"pk": 3, "model": "contenttypes.contenttype", "fields": {"model": "contenttype", "name": "content type", "app_label": "contenttypes"}}, {"pk": 4, "model": "contenttypes.contenttype", "fields": {"model": "session", "name": "session", "app_label": "sessions"}}, {"pk": 5, "model": "contenttypes.contenttype", "fields": {"model": "site", "name": "site", "app_label": "sites"}}, {"pk": 6, "model": "contenttypes.contenttype", "fields": {"model": "logentry", "name": "log entry", "app_label": "admin"}}, {"pk": 7, "model": "contenttypes.contenttype", "fields": {"model": "schuleuser", "name": "user", "app_label": "accounts"}}, {"pk": 11, "model": "contenttypes.contenttype", "fields": {"model": "courseforum", "name": "course forum", "app_label": "forums"}}, {"pk": 12, "model": "contenttypes.contenttype", "fields": {"model": "courseforumresource", "name": "course forum resource", "app_label": "forums"}}, {"pk": 13, "model": "contenttypes.contenttype", "fields": {"model": "course", "name": "course", "app_label": "courses"}}, {"pk": 14, "model": "contenttypes.contenttype", "fields": {"model": "coursemembership", "name": "course membership", "app_label": "courses"}}, {"pk": 15, "model": "contenttypes.contenttype", "fields": {"model": "courseresource", "name": "course resource", "app_label": "courses"}}, {"pk": 16, "model": "contenttypes.contenttype", "fields": {"model": "assignment", "name": "assignment", "app_label": "courses"}}, {"pk": 17, "model": "contenttypes.contenttype", "fields": {"model": "assignmentresources", "name": "assignment resources", "app_label": "courses"}}, {"pk": 18, "model": "contenttypes.contenttype", "fields": {"model": "polloption", "name": "poll option", "app_label": "polls"}}, {"pk": 19, "model": "contenttypes.contenttype", "fields": {"model": "pollresource", "name": "poll resource", "app_label": "polls"}}, {"pk": 20, "model": "contenttypes.contenttype", "fields": {"model": "poll", "name": "poll", "app_label": "polls"}}, {"pk": "3g31vzzapea3yg49vq1h8kt4pwdev3qb", "model": "sessions.session", "fields": {"expire_date": "2013-09-17T20:54:51.705Z", "session_data": "MmJhOWEwZjVlZmI2MmNhZmFjOGExZDk3ZjUxYWVlMmJhMTRmYmM2ZTqAAn1xAShVEl9hdXRoX3VzZXJfYmFja2VuZHECVSlkamFuZ28uY29udHJpYi5hdXRoLmJhY2tlbmRzLk1vZGVsQmFja2VuZHEDVQ1fYXV0aF91c2VyX2lkcQRLBnUu"}}, {"pk": "c9tlkgt6aedr1hstz4xbmogz5sbt407o", "model": "sessions.session", "fields": {"expire_date": "2013-09-17T20:15:44.339Z", "session_data": "OGJjNzZkZmUwYmQ4NmYwMDM1YjgwMDk5YzE5NGI1NzA4Njc0ZmQxMDqAAn1xAShVEl9hdXRoX3VzZXJfYmFja2VuZHECVSlkamFuZ28uY29udHJpYi5hdXRoLmJhY2tlbmRzLk1vZGVsQmFja2VuZHEDVQ1fYXV0aF91c2VyX2lkcQRLAXUu"}}, {"pk": "pzegx5unzw1u8frhmt4tih9wlfsoelkm", "model": "sessions.session", "fields": {"expire_date": "2013-10-06T00:22:53.601Z", "session_data": "OGJjNzZkZmUwYmQ4NmYwMDM1YjgwMDk5YzE5NGI1NzA4Njc0ZmQxMDqAAn1xAShVEl9hdXRoX3VzZXJfYmFja2VuZHECVSlkamFuZ28uY29udHJpYi5hdXRoLmJhY2tlbmRzLk1vZGVsQmFja2VuZHEDVQ1fYXV0aF91c2VyX2lkcQRLAXUu"}}, {"pk": "yy1w7swgazd5bumy684jni3sbcl3znan", "model": "sessions.session", "fields": {"expire_date": "2013-09-17T21:45:29.562Z", "session_data": "OGJjNzZkZmUwYmQ4NmYwMDM1YjgwMDk5YzE5NGI1NzA4Njc0ZmQxMDqAAn1xAShVEl9hdXRoX3VzZXJfYmFja2VuZHECVSlkamFuZ28uY29udHJpYi5hdXRoLmJhY2tlbmRzLk1vZGVsQmFja2VuZHEDVQ1fYXV0aF91c2VyX2lkcQRLAXUu"}}, {"pk": 1, "model": "sites.site", "fields": {"domain": "example.com", "name": "example.com"}}, {"pk": 1, "model": "auth.permission", "fields": {"codename": "add_permission", "name": "Can add permission", "content_type": 1}}, {"pk": 2, "model": "auth.permission", "fields": {"codename": "change_permission", "name": "Can change permission", "content_type": 1}}, {"pk": 3, "model": "auth.permission", "fields": {"codename": "delete_permission", "name": "Can delete permission", "content_type": 1}}, {"pk": 4, "model": "auth.permission", "fields": {"codename": "add_group", "name": "Can add group", "content_type": 2}}, {"pk": 5, "model": "auth.permission", "fields": {"codename": "change_group", "name": "Can change group", "content_type": 2}}, {"pk": 6, "model": "auth.permission", "fields": {"codename": "delete_group", "name": "Can delete group", "content_type": 2}}, {"pk": 7, "model": "auth.permission", "fields": {"codename": "add_contenttype", "name": "Can add content type", "content_type": 3}}, {"pk": 8, "model": "auth.permission", "fields": {"codename": "change_contenttype", "name": "Can change content type", "content_type": 3}}, {"pk": 9, "model": "auth.permission", "fields": {"codename": "delete_contenttype", "name": "Can delete content type", "content_type": 3}}, {"pk": 10, "model": "auth.permission", "fields": {"codename": "add_session", "name": "Can add session", "content_type": 4}}, {"pk": 11, "model": "auth.permission", "fields": {"codename": "change_session", "name": "Can change session", "content_type": 4}}, {"pk": 12, "model": "auth.permission", "fields": {"codename": "delete_session", "name": "Can delete session", "content_type": 4}}, {"pk": 13, "model": "auth.permission", "fields": {"codename": "add_site", "name": "Can add site", "content_type": 5}}, {"pk": 14, "model": "auth.permission", "fields": {"codename": "change_site", "name": "Can change site", "content_type": 5}}, {"pk": 15, "model": "auth.permission", "fields": {"codename": "delete_site", "name": "Can delete site", "content_type": 5}}, {"pk": 16, "model": "auth.permission", "fields": {"codename": "add_logentry", "name": "Can add log entry", "content_type": 6}}, {"pk": 17, "model": "auth.permission", "fields": {"codename": "change_logentry", "name": "Can change log entry", "content_type": 6}}, {"pk": 18, "model": "auth.permission", "fields": {"codename": "delete_logentry", "name": "Can delete log entry", "content_type": 6}}, {"pk": 19, "model": "auth.permission", "fields": {"codename": "add_schuleuser", "name": "Can add user", "content_type": 7}}, {"pk": 20, "model": "auth.permission", "fields": {"codename": "change_schuleuser", "name": "Can change user", "content_type": 7}}, {"pk": 21, "model": "auth.permission", "fields": {"codename": "delete_schuleuser", "name": "Can delete user", "content_type": 7}}, {"pk": 31, "model": "auth.permission", "fields": {"codename": "add_courseforum", "name": "Can add course forum", "content_type": 11}}, {"pk": 32, "model": "auth.permission", "fields": {"codename": "change_courseforum", "name": "Can change course forum", "content_type": 11}}, {"pk": 33, "model": "auth.permission", "fields": {"codename": "delete_courseforum", "name": "Can delete course forum", "content_type": 11}}, {"pk": 34, "model": "auth.permission", "fields": {"codename": "add_courseforumresource", "name": "Can add course forum resource", "content_type": 12}}, {"pk": 35, "model": "auth.permission", "fields": {"codename": "change_courseforumresource", "name": "Can change course forum resource", "content_type": 12}}, {"pk": 36, "model": "auth.permission", "fields": {"codename": "delete_courseforumresource", "name": "Can delete course forum resource", "content_type": 12}}, {"pk": 37, "model": "auth.permission", "fields": {"codename": "add_course", "name": "Can add course", "content_type": 13}}, {"pk": 38, "model": "auth.permission", "fields": {"codename": "change_course", "name": "Can change course", "content_type": 13}}, {"pk": 39, "model": "auth.permission", "fields": {"codename": "delete_course", "name": "Can delete course", "content_type": 13}}, {"pk": 40, "model": "auth.permission", "fields": {"codename": "add_coursemembership", "name": "Can add course membership", "content_type": 14}}, {"pk": 41, "model": "auth.permission", "fields": {"codename": "change_coursemembership", "name": "Can change course membership", "content_type": 14}}, {"pk": 42, "model": "auth.permission", "fields": {"codename": "delete_coursemembership", "name": "Can delete course membership", "content_type": 14}}, {"pk": 43, "model": "auth.permission", "fields": {"codename": "add_courseresource", "name": "Can add course resource", "content_type": 15}}, {"pk": 44, "model": "auth.permission", "fields": {"codename": "change_courseresource", "name": "Can change course resource", "content_type": 15}}, {"pk": 45, "model": "auth.permission", "fields": {"codename": "delete_courseresource", "name": "Can delete course resource", "content_type": 15}}, {"pk": 46, "model": "auth.permission", "fields": {"codename": "add_assignment", "name": "Can add assignment", "content_type": 16}}, {"pk": 47, "model": "auth.permission", "fields": {"codename": "change_assignment", "name": "Can change assignment", "content_type": 16}}, {"pk": 48, "model": "auth.permission", "fields": {"codename": "delete_assignment", "name": "Can delete assignment", "content_type": 16}}, {"pk": 49, "model": "auth.permission", "fields": {"codename": "add_assignmentresources", "name": "Can add assignment resources", "content_type": 17}}, {"pk": 50, "model": "auth.permission", "fields": {"codename": "change_assignmentresources", "name": "Can change assignment resources", "content_type": 17}}, {"pk": 51, "model": "auth.permission", "fields": {"codename": "delete_assignmentresources", "name": "Can delete assignment resources", "content_type": 17}}, {"pk": 52, "model": "auth.permission", "fields": {"codename": "add_polloption", "name": "Can add poll option", "content_type": 18}}, {"pk": 53, "model": "auth.permission", "fields": {"codename": "change_polloption", "name": "Can change poll option", "content_type": 18}}, {"pk": 54, "model": "auth.permission", "fields": {"codename": "delete_polloption", "name": "Can delete poll option", "content_type": 18}}, {"pk": 55, "model": "auth.permission", "fields": {"codename": "add_pollresource", "name": "Can add poll resource", "content_type": 19}}, {"pk": 56, "model": "auth.permission", "fields": {"codename": "change_pollresource", "name": "Can change poll resource", "content_type": 19}}, {"pk": 57, "model": "auth.permission", "fields": {"codename": "delete_pollresource", "name": "Can delete poll resource", "content_type": 19}}, {"pk": 58, "model": "auth.permission", "fields": {"codename": "add_poll", "name": "Can add poll", "content_type": 20}}, {"pk": 59, "model": "auth.permission", "fields": {"codename": "change_poll", "name": "Can change poll", "content_type": 20}}, {"pk": 60, "model": "auth.permission", "fields": {"codename": "delete_poll", "name": "Can delete poll", "content_type": 20}}, {"pk": 1, "model": "auth.group", "fields": {"name": "Management", "permissions": [19, 20, 21, 16, 17, 18, 4, 5, 6, 1, 2, 3, 7, 8, 9, 10, 11, 12, 13, 14, 15]}}, {"pk": 2, "model": "auth.group", "fields": {"name": "Teacher", "permissions": []}}, {"pk": 3, "model": "auth.group", "fields": {"name": "Student", "permissions": []}}, {"pk": 1, "model": "accounts.schuleuser", "fields": {"last_name": "", "countryCode": "+91", "birthDate": null, "userType": "", "is_staff": true, "addressLine2": "", "addressLine1": "", "user_permissions": [], "date_joined": "2013-08-26T01:22:12.424Z", "first_name": "", "district": "", "is_superuser": true, "state": "", "last_login": "2013-09-22T00:22:53.446Z", "postalCode": "", "email": "rgarg1992@gmail.com", "registrationDate": "2013-08-25", "username": "rohit", "is_active": true, "phone": "", "groups": [], "password": "pbkdf2_sha256$10000$T9WaIvgOHtrt$vvl+tUWCt08RqnbURGvj2z/PbPuNJEz55mVA11ojM2o=", "country": "India", "vigilanceKey": ""}}, {"pk": 2, "model": "accounts.schuleuser", "fields": {"last_name": "user", "countryCode": "+91", "birthDate": "2013-09-04", "userType": "Teacher", "is_staff": false, "addressLine2": "", "addressLine1": "", "user_permissions": [], "date_joined": "2013-09-03T19:09:16Z", "first_name": "user", "district": "", "is_superuser": false, "state": "", "last_login": "2013-09-03T19:09:16Z", "postalCode": "", "email": "user1@user.com", "registrationDate": "2013-09-03", "username": "user1", "is_active": true, "phone": "", "groups": [3], "password": "user1234", "country": "India", "vigilanceKey": ""}}, {"pk": 3, "model": "accounts.schuleuser", "fields": {"last_name": "user12", "countryCode": "+91", "birthDate": "2013-09-04", "userType": "Student", "is_staff": false, "addressLine2": "", "addressLine1": "", "user_permissions": [], "date_joined": "2013-09-03T19:18:25Z", "first_name": "user12", "district": "", "is_superuser": false, "state": "", "last_login": "2013-09-03T19:18:25Z", "postalCode": "", "email": "user12@user.com", "registrationDate": "2013-09-03", "username": "user12", "is_active": true, "phone": "", "groups": [3], "password": "user12", "country": "India", "vigilanceKey": "e0bHTQBF"}}, {"pk": 4, "model": "accounts.schuleuser", "fields": {"last_name": "user13", "countryCode": "+91", "birthDate": null, "userType": "Teacher", "is_staff": false, "addressLine2": "", "addressLine1": "", "user_permissions": [], "date_joined": "2013-09-03T19:25:29Z", "first_name": "user13", "district": "", "is_superuser": false, "state": "", "last_login": "2013-09-03T19:25:29Z", "postalCode": "", "email": "user13@user.com", "registrationDate": "2013-09-03", "username": "user13", "is_active": true, "phone": "", "groups": [1], "password": "user13", "country": "India", "vigilanceKey": "jWnWm5Cv"}}, {"pk": 5, "model": "accounts.schuleuser", "fields": {"last_name": "user14", "countryCode": "+91", "birthDate": "2013-09-04", "userType": "Teacher", "is_staff": false, "addressLine2": "", "addressLine1": "", "user_permissions": [20, 21, 16], "date_joined": "2013-09-03T19:33:16Z", "first_name": "user14", "district": "", "is_superuser": false, "state": "", "last_login": "2013-09-03T19:33:16Z", "postalCode": "", "email": "user14@user.com", "registrationDate": "2013-09-03", "username": "user14", "is_active": true, "phone": "", "groups": [3], "password": "User14", "country": "India", "vigilanceKey": "6BYFPoev"}}, {"pk": 6, "model": "accounts.schuleuser", "fields": {"last_name": "", "countryCode": "+91", "birthDate": null, "userType": "Teacher", "is_staff": false, "addressLine2": "", "addressLine1": "", "user_permissions": [], "date_joined": "2013-09-03T20:15:12.004Z", "first_name": "user15", "district": "", "is_superuser": false, "state": "", "last_login": "2013-09-03T20:54:51.572Z", "postalCode": "", "email": "user15@user.com", "registrationDate": "2013-09-03", "username": "user15", "is_active": true, "phone": "", "groups": [2], "password": "pbkdf2_sha256$10000$bsWGfLvzCw7E$OA9Pje0Sf6CidXCBbU1nl4kiRs967xskBi314uo1aGI=", "country": "India", "vigilanceKey": "w3AyinxA"}}, {"pk": 7, "model": "accounts.schuleuser", "fields": {"last_name": "", "countryCode": "+91", "birthDate": null, "userType": "Teacher", "is_staff": false, "addressLine2": "", "addressLine1": "", "user_permissions": [], "date_joined": "2013-09-04T18:29:15.915Z", "first_name": "", "district": "", "is_superuser": false, "state": "", "last_login": "2013-09-04T18:29:15.915Z", "postalCode": "", "email": "user16@user.com", "registrationDate": "2013-09-04", "username": "user16", "is_active": true, "phone": "", "groups": [], "password": "pbkdf2_sha256$10000$i3JfG34bcGTB$VetpLLKgmGoZ9ucs+weRm4nSOTfd3nwciWNy6gLxCJ4=", "country": "India", "vigilanceKey": "O8UKcI9A"}}, {"pk": 1, "model": "courses.coursemembership", "fields": {"course": 5, "user": 1, "userType": "OW"}}, {"pk": 2, "model": "courses.coursemembership", "fields": {"course": 6, "user": 1, "userType": "OW"}}, {"pk": 3, "model": "courses.coursemembership", "fields": {"course": 7, "user": 1, "userType": "OW"}}, {"pk": 4, "model": "courses.coursemembership", "fields": {"course": 8, "user": 1, "userType": "OW"}}, {"pk": 5, "model": "courses.coursemembership", "fields": {"course": 9, "user": 1, "userType": "OW"}}, {"pk": 6, "model": "courses.coursemembership", "fields": {"course": 10, "user": 1, "userType": "OW"}}, {"pk": 7, "model": "courses.coursemembership", "fields": {"course": 11, "user": 1, "userType": "OW"}}, {"pk": 8, "model": "courses.coursemembership", "fields": {"course": 12, "user": 1, "userType": "OW"}}, {"pk": 9, "model": "courses.coursemembership", "fields": {"course": 13, "user": 1, "userType": "OW"}}, {"pk": 10, "model": "courses.coursemembership", "fields": {"course": 14, "user": 1, "userType": "OW"}}, {"pk": 11, "model": "courses.coursemembership", "fields": {"course": 12, "user": 7, "userType": "ST"}}, {"pk": 12, "model": "courses.coursemembership", "fields": {"course": 12, "user": 7, "userType": "ST"}}, {"pk": 13, "model": "courses.coursemembership", "fields": {"course": 12, "user": 7, "userType": "ST"}}, {"pk": 14, "model": "courses.coursemembership", "fields": {"course": 12, "user": 6, "userType": "MO"}}, {"pk": 15, "model": "courses.coursemembership", "fields": {"course": 12, "user": 5, "userType": "MO"}}, {"pk": 16, "model": "courses.coursemembership", "fields": {"course": 12, "user": 4, "userType": "MO"}}, {"pk": 1, "model": "courses.course", "fields": {"startDate": "2013-09-21", "endDate": "2013-12-01", "name": "testCourse", "courseVideo": "", "coursePhoto": "", "description": "this is a test course."}}, {"pk": 2, "model": "courses.course", "fields": {"startDate": "2013-09-21", "endDate": "2013-12-01", "name": "testCourse", "courseVideo": "", "coursePhoto": "", "description": "this is a test course."}}, {"pk": 3, "model": "courses.course", "fields": {"startDate": "2013-09-21", "endDate": "2013-12-01", "name": "testCourse", "courseVideo": "", "coursePhoto": "", "description": "this is a test course."}}, {"pk": 4, "model": "courses.course", "fields": {"startDate": "2013-09-21", "endDate": "2013-12-01", "name": "testCourse", "courseVideo": "", "coursePhoto": "", "description": "this is a test course."}}, {"pk": 5, "model": "courses.course", "fields": {"startDate": "2013-09-21", "endDate": "2013-12-21", "name": "testcourse2", "courseVideo": "", "coursePhoto": "", "description": "this is another test course"}}, {"pk": 6, "model": "courses.course", "fields": {"startDate": "2013-09-21", "endDate": "2013-12-21", "name": "testcourse3", "courseVideo": "", "coursePhoto": "", "description": "this is another test course"}}, {"pk": 7, "model": "courses.course", "fields": {"startDate": "2013-09-21", "endDate": "2013-12-21", "name": "testcourse4", "courseVideo": "", "coursePhoto": "", "description": "this is another test course"}}, {"pk": 8, "model": "courses.course", "fields": {"startDate": "2013-09-21", "endDate": "2013-12-21", "name": "testcourse5", "courseVideo": "", "coursePhoto": "", "description": "this is another test course"}}, {"pk": 9, "model": "courses.course", "fields": {"startDate": "2013-09-21", "endDate": "2013-12-21", "name": "testcourse6", "courseVideo": "", "coursePhoto": "", "description": "this is another test course"}}, {"pk": 10, "model": "courses.course", "fields": {"startDate": "2013-09-21", "endDate": "2013-10-21", "name": "testcourse7", "courseVideo": "", "coursePhoto": "", "description": "this is a test course"}}, {"pk": 11, "model": "courses.course", "fields": {"startDate": "2013-09-21", "endDate": "2013-10-21", "name": "testcourse8", "courseVideo": "", "coursePhoto": "", "description": "this is a test course"}}, {"pk": 12, "model": "courses.course", "fields": {"startDate": "2013-09-21", "endDate": "2013-10-21", "name": "testcourse8", "courseVideo": "", "coursePhoto": "", "description": "this is a test course"}}, {"pk": 13, "model": "courses.course", "fields": {"startDate": "2013-09-21", "endDate": "2013-10-21", "name": "testcourse10", "courseVideo": "", "coursePhoto": "uploadedFiles/00:00:00_100_0644.JPG", "description": "this is a test course"}}, {"pk": 14, "model": "courses.course", "fields": {"startDate": "2013-09-21", "endDate": "2013-10-21", "name": "testcourse11", "courseVideo": "", "coursePhoto": "uploadedFiles/00:00:00_100_0644.JPG", "description": "this is a test course"}}, {"pk": 1, "model": "admin.logentry", "fields": {"action_flag": 1, "action_time": "2013-08-31T13:22:18.335Z", "object_repr": "Management", "object_id": "1", "change_message": "", "user": 1, "content_type": 2}}, {"pk": 2, "model": "admin.logentry", "fields": {"action_flag": 1, "action_time": "2013-08-31T13:22:41.284Z", "object_repr": "Teacher", "object_id": "2", "change_message": "", "user": 1, "content_type": 2}}, {"pk": 3, "model": "admin.logentry", "fields": {"action_flag": 1, "action_time": "2013-08-31T13:22:58.132Z", "object_repr": "Student", "object_id": "3", "change_message": "", "user": 1, "content_type": 2}}, {"pk": 4, "model": "admin.logentry", "fields": {"action_flag": 1, "action_time": "2013-09-03T19:13:02.657Z", "object_repr": "user1", "object_id": "2", "change_message": "", "user": 1, "content_type": 7}}, {"pk": 5, "model": "admin.logentry", "fields": {"action_flag": 1, "action_time": "2013-09-03T19:21:17.985Z", "object_repr": "user12", "object_id": "3", "change_message": "", "user": 1, "content_type": 7}}, {"pk": 6, "model": "admin.logentry", "fields": {"action_flag": 1, "action_time": "2013-09-03T19:26:08.443Z", "object_repr": "user13", "object_id": "4", "change_message": "", "user": 1, "content_type": 7}}, {"pk": 7, "model": "admin.logentry", "fields": {"action_flag": 1, "action_time": "2013-09-03T19:47:08.103Z", "object_repr": "user14", "object_id": "5", "change_message": "", "user": 1, "content_type": 7}}, {"pk": 8, "model": "admin.logentry", "fields": {"action_flag": 2, "action_time": "2013-09-03T19:47:39.035Z", "object_repr": "user14", "object_id": "5", "change_message": "Changed groups and user_permissions.", "user": 1, "content_type": 7}}, {"pk": 9, "model": "admin.logentry", "fields": {"action_flag": 1, "action_time": "2013-09-04T18:29:16.012Z", "object_repr": "user16", "object_id": "7", "change_message": "", "user": 1, "content_type": 7}}]